Workbook

Sheet ยอดขายรายเดือน
A1: เดือน | B1: ลำดับเดือน | C1: ผลิตภัณฑ์ | D1: กลุ่มผลิตภัณฑ์ | E1: ช่องทางจำหน่าย | F1: หน่วยนับ | G1: จำนวนที่ขาย | H1: ราคาต่อหน่วย (บาท) | I1: ยอดขาย (บาท)
A2: ม.ค. | B2: 1 | C2: Ceftriaxone T P | D2: ยาฉีดปราศจากเชื้อ — Cephalosporin | E2: โรงพยาบาลรัฐ | F2: vial | G2: 22780 | H2: 37.8 | I2: =G2*H2 -> 861084
A3: ม.ค. | B3: 1 | C3: Ceftriaxone T P | D3: ยาฉีดปราศจากเชื้อ — Cephalosporin | E3: โรงพยาบาลเอกชน | F3: vial | G3: 10619 | H3: 44.1 | I3: =G3*H3 -> 468297.9
A4: ม.ค. | B4: 1 | C4: Ceftriaxone T P | D4: ยาฉีดปราศจากเชื้อ — Cephalosporin | E4: ร้านขายยา | F4: vial | G4: 12666 | H4: 42 | I4: =G4*H4 -> 531972
A5: ม.ค. | B5: 1 | C5: Ceftriaxone T P | D5: ยาฉีดปราศจากเชื้อ — Cephalosporin | E5: ส่งออก | F5: vial | G5: 10671 | H5: 32.76 | I5: =G5*H5 -> 349581.96
A6: ม.ค. | B6: 1 | C6: Cefazillin | D6: ยาฉีดปราศจากเชื้อ — Cephalosporin | E6: โรงพยาบาลรัฐ | F6: vial | G6: 16492 | H6: 34.2 | I6: =G6*H6 -> 564026.4
A7: ม.ค. | B7: 1 | C7: Cefazillin | D7: ยาฉีดปราศจากเชื้อ — Cephalosporin | E7: โรงพยาบาลเอกชน | F7: vial | G7: 7030 | H7: 39.9 | I7: =G7*H7 -> 280497
A8: ม.ค. | B8: 1 | C8: Cefazillin | D8: ยาฉีดปราศจากเชื้อ — Cephalosporin | E8: ร้านขายยา | F8: vial | G8: 8263 | H8: 38 | I8: =G8*H8 -> 313994
A9: ม.ค. | B9: 1 | C9: Cefazillin | D9: ยาฉีดปราศจากเชื้อ — Cephalosporin | E9: ส่งออก | F9: vial | G9: 6833 | H9: 29.64 | I9: =G9*H9 -> 202530.12
A10: ม.ค. | B10: 1 | C10: Clatacef | D10: ยาฉีดปราศจากเชื้อ — Cephalosporin | E10: โรงพยาบาลรัฐ | F10: vial | G10: 8467 | H10: 49.5 | I10: =G10*H10 -> 419116.5
A11: ม.ค. | B11: 1 | C11: Clatacef | D11: ยาฉีดปราศจากเชื้อ — Cephalosporin | E11: โรงพยาบาลเอกชน | F11: vial | G11: 3920 | H11: 57.75 | I11: =G11*H11 -> 226380
A12: ม.ค. | B12: 1 | C12: Clatacef | D12: ยาฉีดปราศจากเชื้อ — Cephalosporin | E12: ร้านขายยา | F12: vial | G12: 4513 | H12: 55 | I12: =G12*H12 -> 248215
A13: ม.ค. | B13: 1 | C13: Clatacef | D13: ยาฉีดปราศจากเชื้อ — Cephalosporin | E13: ส่งออก | F13: vial | G13: 3597 | H13: 42.9 | I13: =G13*H13 -> 154311.3
... A721: ธ.ค. | B721: 12 | C721: Transic | D721: ยาใช้ภายนอก | E721: ส่งออก | F721: ขวด | G721: 4579 | H721: 34.32 | I721: =G721*H721 -> 157151.28

Sheet สรุปรายเดือน
A1: เดือน | B1: ลำดับเดือน | C1: ไตรมาส | D1: ยอดขายรวม (บาท) | E1: ยอดขาย รพ.รัฐ | F1: ยอดขาย รพ.เอกชน | G1: ยอดขาย ร้านขายยา | H1: ยอดขาย ส่งออก
A2: ม.ค. | B2: 1 | C2: Q1 | D2: =SUMIFS(ยอดขายรายเดือน!$I$2:$I$721,ยอดขายรายเดือน!$B$2:$B$721,$B2) -> 15471319 | E2: =SUMIFS(ยอดขายรายเดือน!$I$2:$I$721,ยอดขายรายเดือน!$B$2:$B$721,$B2,ยอดขายรายเดือน!$E$2:$E$721,"โรงพยาบาลรัฐ") -> 6277363.2 | F2: =SUMIFS(ยอดขายรายเดือน!$I$2:$I$721,ยอดขายรายเดือน!$B$2:$B$721,$B2,ยอดขายรายเดือน!$E$2:$E$721,"โรงพยาบาลเอกชน") -> 3143994 | G2: =SUMIFS(ยอดขายรายเดือน!$I$2:$I$721,ยอดขายรายเดือน!$B$2:$B$721,$B2,ยอดขายรายเดือน!$E$2:$E$721,"ร้านขายยา") -> 3724102 | H2: =SUMIFS(ยอดขายรายเดือน!$I$2:$I$721,ยอดขายรายเดือน!$B$2:$B$721,$B2,ยอดขายรายเดือน!$E$2:$E$721,"ส่งออก") -> 2325860.2
A3: ก.พ. | B3: 2 | C3: Q1 | D3: =SUMIFS(ยอดขายรายเดือน!$I$2:$I$721,ยอดขายรายเดือน!$B$2:$B$721,$B3) -> 15906347 | E3: =SUMIFS(ยอดขายรายเดือน!$I$2:$I$721,ยอดขายรายเดือน!$B$2:$B$721,$B3,ยอดขายรายเดือน!$E$2:$E$721,"โรงพยาบาลรัฐ") -> 6426662.4 | F3: =SUMIFS(ยอดขายรายเดือน!$I$2:$I$721,ยอดขายรายเดือน!$B$2:$B$721,$B3,ยอดขายรายเดือน!$E$2:$E$721,"โรงพยาบาลเอกชน") -> 3258431.4 | G3: =SUMIFS(ยอดขายรายเดือน!$I$2:$I$721,ยอดขายรายเดือน!$B$2:$B$721,$B3,ยอดขายรายเดือน!$E$2:$E$721,"ร้านขายยา") -> 3813665 | H3: =SUMIFS(ยอดขายรายเดือน!$I$2:$I$721,ยอดขายรายเดือน!$B$2:$B$721,$B3,ยอดขายรายเดือน!$E$2:$E$721,"ส่งออก") -> 2407588.6
A4: มี.ค. | B4: 3 | C4: Q1 | D4: =SUMIFS(ยอดขายรายเดือน!$I$2:$I$721,ยอดขายรายเดือน!$B$2:$B$721,$B4) -> 17596903 | E4: =SUMIFS(ยอดขายรายเดือน!$I$2:$I$721,ยอดขายรายเดือน!$B$2:$B$721,$B4,ยอดขายรายเดือน!$E$2:$E$721,"โรงพยาบาลรัฐ") -> 7249971.6 | F4: =SUMIFS(ยอดขายรายเดือน!$I$2:$I$721,ยอดขายรายเดือน!$B$2:$B$721,$B4,ยอดขายรายเดือน!$E$2:$E$721,"โรงพยาบาลเอกชน") -> 3564900.1 | G4: =SUMIFS(ยอดขายรายเดือน!$I$2:$I$721,ยอดขายรายเดือน!$B$2:$B$721,$B4,ยอดขายรายเดือน!$E$2:$E$721,"ร้านขายยา") -> 4169992 | H4: =SUMIFS(ยอดขายรายเดือน!$I$2:$I$721,ยอดขายรายเดือน!$B$2:$B$721,$B4,ยอดขายรายเดือน!$E$2:$E$721,"ส่งออก") -> 2612039
A5: เม.ย. | B5: 4 | C5: Q2 | D5: =SUMIFS(ยอดขายรายเดือน!$I$2:$I$721,ยอดขายรายเดือน!$B$2:$B$721,$B5) -> 16563212 | E5: =SUMIFS(ยอดขายรายเดือน!$I$2:$I$721,ยอดขายรายเดือน!$B$2:$B$721,$B5,ยอดขายรายเดือน!$E$2:$E$721,"โรงพยาบาลรัฐ") -> 6720481.8 | F5: =SUMIFS(ยอดขายรายเดือน!$I$2:$I$721,ยอดขายรายเดือน!$B$2:$B$721,$B5,ยอดขายรายเดือน!$E$2:$E$721,"โรงพยาบาลเอกชน") -> 3287641.4 | G5: =SUMIFS(ยอดขายรายเดือน!$I$2:$I$721,ยอดขายรายเดือน!$B$2:$B$721,$B5,ยอดขายรายเดือน!$E$2:$E$721,"ร้านขายยา") -> 3869266 | H5: =SUMIFS(ยอดขายรายเดือน!$I$2:$I$721,ยอดขายรายเดือน!$B$2:$B$721,$B5,ยอดขายรายเดือน!$E$2:$E$721,"ส่งออก") -> 2685822.4
A6: พ.ค. | B6: 5 | C6: Q2 | D6: =SUMIFS(ยอดขายรายเดือน!$I$2:$I$721,ยอดขายรายเดือน!$B$2:$B$721,$B6) -> 17454265 | E6: =SUMIFS(ยอดขายรายเดือน!$I$2:$I$721,ยอดขายรายเดือน!$B$2:$B$721,$B6,ยอดขายรายเดือน!$E$2:$E$721,"โรงพยาบาลรัฐ") -> 6984235.8 | F6: =SUMIFS(ยอดขายรายเดือน!$I$2:$I$721,ยอดขายรายเดือน!$B$2:$B$721,$B6,ยอดขายรายเดือน!$E$2:$E$721,"โรงพยาบาลเอกชน") -> 3464075 | G6: =SUMIFS(ยอดขายรายเดือน!$I$2:$I$721,ยอดขายรายเดือน!$B$2:$B$721,$B6,ยอดขายรายเดือน!$E$2:$E$721,"ร้านขายยา") -> 4064107 | H6: =SUMIFS(ยอดขายรายเดือน!$I$2:$I$721,ยอดขายรายเดือน!$B$2:$B$721,$B6,ยอดขายรายเดือน!$E$2:$E$721,"ส่งออก") -> 2941847.2
A7: มิ.ย. | B7: 6 | C7: Q2 | D7: =SUMIFS(ยอดขายรายเดือน!$I$2:$I$721,ยอดขายรายเดือน!$B$2:$B$721,$B7) -> 18336727 | E7: =SUMIFS(ยอดขายรายเดือน!$I$2:$I$721,ยอดขายรายเดือน!$B$2:$B$721,$B7,ยอดขายรายเดือน!$E$2:$E$721,"โรงพยาบาลรัฐ") -> 7215279.3 | F7: =SUMIFS(ยอดขายรายเดือน!$I$2:$I$721,ยอดขายรายเดือน!$B$2:$B$721,$B7,ยอดขายรายเดือน!$E$2:$E$721,"โรงพยาบาลเอกชน") -> 3602788.4 | G7: =SUMIFS(ยอดขายรายเดือน!$I$2:$I$721,ยอดขายรายเดือน!$B$2:$B$721,$B7,ยอดขายรายเดือน!$E$2:$E$721,"ร้านขายยา") -> 4246685 | H7: =SUMIFS(ยอดขายรายเดือน!$I$2:$I$721,ยอดขายรายเดือน!$B$2:$B$721,$B7,ยอดขายรายเดือน!$E$2:$E$721,"ส่งออก") -> 3271974.4
A8: ก.ค. | B8: 7 | C8: Q3 | D8: =SUMIFS(ยอดขายรายเดือน!$I$2:$I$721,ยอดขายรายเดือน!$B$2:$B$721,$B8) -> 16693284 | E8: =SUMIFS(ยอดขายรายเดือน!$I$2:$I$721,ยอดขายรายเดือน!$B$2:$B$721,$B8,ยอดขายรายเดือน!$E$2:$E$721,"โรงพยาบาลรัฐ") -> 6097083.3 | F8: =SUMIFS(ยอดขายรายเดือน!$I$2:$I$721,ยอดขายรายเดือน!$B$2:$B$721,$B8,ยอดขายรายเดือน!$E$2:$E$721,"โรงพยาบาลเอกชน") -> 3427104.5 | G8: =SUMIFS(ยอดขายรายเดือน!$I$2:$I$721,ยอดขายรายเดือน!$B$2:$B$721,$B8,ยอดขายรายเดือน!$E$2:$E$721,"ร้านขายยา") -> 3937990 | H8: =SUMIFS(ยอดขายรายเดือน!$I$2:$I$721,ยอดขายรายเดือน!$B$2:$B$721,$B8,ยอดขายรายเดือน!$E$2:$E$721,"ส่งออก") -> 3231106.3
A9: ส.ค. | B9: 8 | C9: Q3 | D9: =SUMIFS(ยอดขายรายเดือน!$I$2:$I$721,ยอดขายรายเดือน!$B$2:$B$721,$B9) -> 15897988 | E9: =SUMIFS(ยอดขายรายเดือน!$I$2:$I$721,ยอดขายรายเดือน!$B$2:$B$721,$B9,ยอดขายรายเดือน!$E$2:$E$721,"โรงพยาบาลรัฐ") -> 5646214.8 | F9: =SUMIFS(ยอดขายรายเดือน!$I$2:$I$721,ยอดขายรายเดือน!$B$2:$B$721,$B9,ยอดขายรายเดือน!$E$2:$E$721,"โรงพยาบาลเอกชน") -> 3246956 | G9: =SUMIFS(ยอดขายรายเดือน!$I$2:$I$721,ยอดขายรายเดือน!$B$2:$B$721,$B9,ยอดขายรายเดือน!$E$2:$E$721,"ร้านขายยา") -> 3748627 | H9: =SUMIFS(ยอดขายรายเดือน!$I$2:$I$721,ยอดขายรายเดือน!$B$2:$B$721,$B9,ยอดขายรายเดือน!$E$2:$E$721,"ส่งออก") -> 3256190.3
A10: ก.ย. | B10: 9 | C10: Q3 | D10: =SUMIFS(ยอดขายรายเดือน!$I$2:$I$721,ยอดขายรายเดือน!$B$2:$B$721,$B10) -> 16606671 | E10: =SUMIFS(ยอดขายรายเดือน!$I$2:$I$721,ยอดขายรายเดือน!$B$2:$B$721,$B10,ยอดขายรายเดือน!$E$2:$E$721,"โรงพยาบาลรัฐ") -> 5760586.8 | F10: =SUMIFS(ยอดขายรายเดือน!$I$2:$I$721,ยอดขายรายเดือน!$B$2:$B$721,$B10,ยอดขายรายเดือน!$E$2:$E$721,"โรงพยาบาลเอกชน") -> 3344527.2 | G10: =SUMIFS(ยอดขายรายเดือน!$I$2:$I$721,ยอดขายรายเดือน!$B$2:$B$721,$B10,ยอดขายรายเดือน!$E$2:$E$721,"ร้านขายยา") -> 3874049 | H10: =SUMIFS(ยอดขายรายเดือน!$I$2:$I$721,ยอดขายรายเดือน!$B$2:$B$721,$B10,ยอดขายรายเดือน!$E$2:$E$721,"ส่งออก") -> 3627507.8
A11: ต.ค. | B11: 10 | C11: Q4 | D11: =SUMIFS(ยอดขายรายเดือน!$I$2:$I$721,ยอดขายรายเดือน!$B$2:$B$721,$B11) -> 18587645 | E11: =SUMIFS(ยอดขายรายเดือน!$I$2:$I$721,ยอดขายรายเดือน!$B$2:$B$721,$B11,ยอดขายรายเดือน!$E$2:$E$721,"โรงพยาบาลรัฐ") -> 6455115 | F11: =SUMIFS(ยอดขายรายเดือน!$I$2:$I$721,ยอดขายรายเดือน!$B$2:$B$721,$B11,ยอดขายรายเดือน!$E$2:$E$721,"โรงพยาบาลเอกชน") -> 3679493 | G11: =SUMIFS(ยอดขายรายเดือน!$I$2:$I$721,ยอดขายรายเดือน!$B$2:$B$721,$B11,ยอดขายรายเดือน!$E$2:$E$721,"ร้านขายยา") -> 4322453 | H11: =SUMIFS(ยอดขายรายเดือน!$I$2:$I$721,ยอดขายรายเดือน!$B$2:$B$721,$B11,ยอดขายรายเดือน!$E$2:$E$721,"ส่งออก") -> 4130584.4
A12: พ.ย. | B12: 11 | C12: Q4 | D12: =SUMIFS(ยอดขายรายเดือน!$I$2:$I$721,ยอดขายรายเดือน!$B$2:$B$721,$B12) -> 18469855 | E12: =SUMIFS(ยอดขายรายเดือน!$I$2:$I$721,ยอดขายรายเดือน!$B$2:$B$721,$B12,ยอดขายรายเดือน!$E$2:$E$721,"โรงพยาบาลรัฐ") -> 6325677 | F12: =SUMIFS(ยอดขายรายเดือน!$I$2:$I$721,ยอดขายรายเดือน!$B$2:$B$721,$B12,ยอดขายรายเดือน!$E$2:$E$721,"โรงพยาบาลเอกชน") -> 3669596.7 | G12: =SUMIFS(ยอดขายรายเดือน!$I$2:$I$721,ยอดขายรายเดือน!$B$2:$B$721,$B12,ยอดขายรายเดือน!$E$2:$E$721,"ร้านขายยา") -> 4233524 | H12: =SUMIFS(ยอดขายรายเดือน!$I$2:$I$721,ยอดขายรายเดือน!$B$2:$B$721,$B12,ยอดขายรายเดือน!$E$2:$E$721,"ส่งออก") -> 4241057.3
A13: ธ.ค. | B13: 12 | C13: Q4 | D13: =SUMIFS(ยอดขายรายเดือน!$I$2:$I$721,ยอดขายรายเดือน!$B$2:$B$721,$B13) -> 15620542 | E13: =SUMIFS(ยอดขายรายเดือน!$I$2:$I$721,ยอดขายรายเดือน!$B$2:$B$721,$B13,ยอดขายรายเดือน!$E$2:$E$721,"โรงพยาบาลรัฐ") -> 5424871.5 | F13: =SUMIFS(ยอดขายรายเดือน!$I$2:$I$721,ยอดขายรายเดือน!$B$2:$B$721,$B13,ยอดขายรายเดือน!$E$2:$E$721,"โรงพยาบาลเอกชน") -> 3019904 | G13: =SUMIFS(ยอดขายรายเดือน!$I$2:$I$721,ยอดขายรายเดือน!$B$2:$B$721,$B13,ยอดขายรายเดือน!$E$2:$E$721,"ร้านขายยา") -> 3467859 | H13: =SUMIFS(ยอดขายรายเดือน!$I$2:$I$721,ยอดขายรายเดือน!$B$2:$B$721,$B13,ยอดขายรายเดือน!$E$2:$E$721,"ส่งออก") -> 3707907.8
A14: รวมทั้งปี | D14: =SUM(D2:D13) -> 2.0320476e+08 | E14: =SUM(E2:E13) -> 76583542 | F14: =SUM(F2:F13) -> 40709411 | G14: =SUM(G2:G13) -> 47472319 | H14: =SUM(H2:H13) -> 38439486

Sheet หมายเหตุ
A1: หมายเหตุประกอบไฟล์
A3: ข้อมูลสมมติเพื่อการฝึกอบรม — ไม่ใช่ข้อมูลจริงของบริษัท ห้ามนำไปใช้อ้างอิงในงานจริง
A5: ชีต "ยอดขายรายเดือน" คือข้อมูลระดับรายการ 720 แถว (12 เดือน x 15 ผลิตภัณฑ์ x 4 ช่องทาง) ปีบัญชี 2568
A7: ชีต "สรุปรายเดือน" คำนวณด้วยสูตร SUMIFS จากชีตแรก แก้ข้อมูลต้นทางแล้วตัวเลขสรุปขยับตามเอง
A9: ราคาต่อหน่วยต่างกันตามช่องทาง: โรงพยาบาลรัฐ 90% ของราคาอ้างอิง (ได้จากการประมูล), โรงพยาบาลเอกชน 105%, ร้านขายยา 100%, ส่งออก 78%
A11: ไฟล์นี้ใช้ประกอบโมดูล M2 (ทำงานกับไฟล์) และ M3 (สร้างไฟล์ออกมาจริง)
